city,province_id,province_name
Toronto,ON,Ontario
Montréal,QC,Quebec
Vancouver,BC,British Columbia
Calgary,AB,Alberta
Edmonton,AB,Alberta
Ottawa,ON,Ontario
Winnipeg,MB,Manitoba
Quebec City,QC,Quebec
Hamilton,ON,Ontario
Mississauga,ON,Ontario
Brampton,ON,Ontario
Surrey,BC,British Columbia
Kitchener,ON,Ontario
Halifax,NS,Nova Scotia
Laval,QC,Quebec
London,ON,Ontario
Victoria,BC,British Columbia
Markham,ON,Ontario
Oshawa,ON,Ontario
Vaughan,ON,Ontario
Windsor,ON,Ontario
Gatineau,QC,Quebec
Saskatoon,SK,Saskatchewan
Longueuil,QC,Quebec
Burnaby,BC,British Columbia
St. Catharines,ON,Ontario
Regina,SK,Saskatchewan
Oakville,ON,Ontario
Richmond,BC,British Columbia
Richmond Hill,ON,Ontario
Burlington,ON,Ontario
St. John's,NL,Newfoundland and Labrador
Kelowna,BC,British Columbia
Sherbrooke,QC,Quebec
Sudbury,ON,Ontario
Barrie,ON,Ontario
Abbotsford,BC,British Columbia
Lévis,QC,Quebec
Coquitlam,BC,British Columbia
Saguenay,QC,Quebec
Guelph,ON,Ontario
Trois-Rivières,QC,Quebec
Whitby,ON,Ontario
Cambridge,ON,Ontario
Milton,ON,Ontario
Ajax,ON,Ontario
Waterloo,ON,Ontario
Terrebonne,QC,Quebec
Moncton,NB,New Brunswick
Saanich,BC,British Columbia
White Rock,BC,British Columbia
Thunder Bay,ON,Ontario
Delta,BC,British Columbia
Nanaimo,BC,British Columbia
Brantford,ON,Ontario
Chatham,ON,Ontario
Clarington,ON,Ontario
Saint-Jérôme,QC,Quebec
Red Deer,AB,Alberta
Pickering,ON,Ontario
Lethbridge,AB,Alberta
Kamloops,BC,British Columbia
Saint-Jean-sur-Richelieu,QC,Quebec
Niagara Falls,ON,Ontario
Cape Breton,NS,Nova Scotia
Chilliwack,BC,British Columbia
Brossard,QC,Quebec
Maple Ridge,BC,British Columbia
Newmarket,ON,Ontario
Repentigny,QC,Quebec
Peterborough,ON,Ontario
Drummondville,QC,Quebec
Kawartha Lakes,ON,Ontario
New Westminster,BC,British Columbia
Prince George,BC,British Columbia
Caledon,ON,Ontario
Châteauguay,QC,Quebec
Belleville,ON,Ontario
Airdrie,AB,Alberta
Sarnia,ON,Ontario
Wood Buffalo,AB,Alberta
Sault Ste. Marie,ON,Ontario
Saint John,NB,New Brunswick
Welland,ON,Ontario
Granby,QC,Quebec
St. Albert,AB,Alberta
Fredericton,NB,New Brunswick
Grande Prairie,AB,Alberta
Medicine Hat,AB,Alberta
Halton Hills,ON,Ontario
Aurora,ON,Ontario
Port Coquitlam,BC,British Columbia
Mirabel,QC,Quebec
Blainville,QC,Quebec
Lac-Brome,QC,Quebec
North Vancouver,BC,British Columbia
Saint-Hyacinthe,QC,Quebec
Beloeil,QC,Quebec
North Bay,ON,Ontario
Charlottetown,PE,Prince Edward Island
Vernon,BC,British Columbia
Brandon,MB,Manitoba
Mascouche,QC,Quebec
Stouffville,ON,Ontario
Shawinigan,QC,Quebec
Joliette,QC,Quebec
Rimouski,QC,Quebec
Courtenay,BC,British Columbia
Dollard-des-Ormeaux,QC,Quebec
Cornwall,ON,Ontario
Victoriaville,QC,Quebec
Georgina,ON,Ontario
Woodstock,ON,Ontario
Langford Station,BC,British Columbia
Quinte West,ON,Ontario
St. Thomas,ON,Ontario
Saint-Eustache,QC,Quebec
West Vancouver,BC,British Columbia
New Tecumseth,ON,Ontario
Innisfil,ON,Ontario
Vaudreuil-Dorion,QC,Quebec
Bradford West Gwillimbury,ON,Ontario
Salaberry-de-Valleyfield,QC,Quebec
Rouyn-Noranda,QC,Quebec
Boucherville,QC,Quebec
Mission,BC,British Columbia
Timmins,ON,Ontario
Lakeshore,ON,Ontario
Brant,ON,Ontario
Spruce Grove,AB,Alberta
Campbell River,BC,British Columbia
Prince Albert,SK,Saskatchewan
Penticton,BC,British Columbia
Sorel-Tracy,QC,Quebec
East Kelowna,BC,British Columbia
Leamington,ON,Ontario
East Gwillimbury,ON,Ontario
Côte-Saint-Luc,QC,Quebec
Orangeville,ON,Ontario
Leduc,AB,Alberta
Moose Jaw,SK,Saskatchewan
Port Moody,BC,British Columbia
Pointe-Claire,QC,Quebec
Orillia,ON,Ontario
Stratford,ON,Ontario
Fort Erie,ON,Ontario
Val-d’Or,QC,Quebec
LaSalle,ON,Ontario
Cochrane,AB,Alberta
North Cowichan,BC,British Columbia
Lloydminster,SK,Saskatchewan
Chambly,QC,Quebec
Centre Wellington,ON,Ontario
Okotoks,AB,Alberta
Alma,QC,Quebec
Sainte-Julie,QC,Quebec
Saint-Constant,QC,Quebec
Langley,BC,British Columbia
Grimsby,ON,Ontario
Magog,QC,Quebec
Boisbriand,QC,Quebec
Whitehorse,YT,Yukon
Dieppe,NB,New Brunswick
King,ON,Ontario
Parksville,BC,British Columbia
Conception Bay South,NL,Newfoundland and Labrador
Fort Saskatchewan,AB,Alberta
Woolwich,ON,Ontario
Sainte-Thérèse,QC,Quebec
Clarence-Rockland,ON,Ontario
La Prairie,QC,Quebec
Saint-Bruno-de-Montarville,QC,Quebec
Midland,ON,Ontario
Thetford Mines,QC,Quebec
Lincoln,ON,Ontario
Quispamsis,NB,New Brunswick
Wasaga Beach,ON,Ontario
Collingwood,ON,Ontario
Sept-Îles,QC,Quebec
Duncan,BC,British Columbia
Hudson,QC,Quebec
Saint-Lin--Laurentides,QC,Quebec
Strathroy-Caradoc,ON,Ontario
Squamish,BC,British Columbia
Thorold,ON,Ontario
Truro,NS,Nova Scotia
Amherstburg,ON,Ontario
L’Assomption,QC,Quebec
Tecumseh,ON,Ontario
Candiac,QC,Quebec
Essa,ON,Ontario
Paradise,NL,Newfoundland and Labrador
Saint-Lambert,QC,Quebec
Mount Pearl Park,NL,Newfoundland and Labrador
Saint-Lazare,QC,Quebec
Owen Sound,ON,Ontario
Brockville,ON,Ontario
Chestermere,AB,Alberta
Kingsville,ON,Ontario
Port Alberni,BC,British Columbia
Springwater,ON,Ontario
Scugog,ON,Ontario
Uxbridge,ON,Ontario
Fort St. John,BC,British Columbia
Wilmot,ON,Ontario
Essex,ON,Ontario
Varennes,QC,Quebec
Oro-Medonte,ON,Ontario
Mont-Royal,QC,Quebec
Beaumont,AB,Alberta
Baie-Comeau,QC,Quebec
Riverview,NB,New Brunswick
Cobourg,ON,Ontario
Cranbrook,BC,British Columbia
Yellowknife,NT,Northwest Territories
South Frontenac,ON,Ontario
Rivière-du-Loup,QC,Quebec
Port Colborne,ON,Ontario
Saint-Augustin-de-Desmaures,QC,Quebec
Huntsville,ON,Ontario
Sainte-Marthe-sur-le-Lac,QC,Quebec
Lloydminster,AB,Alberta
Westmount,QC,Quebec
Russell,ON,Ontario
Les Coteaux,QC,Quebec
Salmon Arm,BC,British Columbia
Kirkland,QC,Quebec
Corner Brook,NL,Newfoundland and Labrador
New Glasgow,NS,Nova Scotia
Dorval,QC,Quebec
Beaconsfield,QC,Quebec
Pitt Meadows,BC,British Columbia
Niagara-on-the-Lake,ON,Ontario
Colwood,BC,British Columbia
Middlesex Centre,ON,Ontario
Mont-Saint-Hilaire,QC,Quebec
Camrose,AB,Alberta
Selwyn,ON,Ontario
Tillsonburg,ON,Ontario
Pelham,ON,Ontario
Petawawa,ON,Ontario
Stony Plain,AB,Alberta
Oak Bay,BC,British Columbia
North Grenville,ON,Ontario
Loyalist,ON,Ontario
Deux-Montagnes,QC,Quebec
Steinbach,MB,Manitoba
Saint-Colomban,QC,Quebec
Miramichi,NB,New Brunswick
Esquimalt,BC,British Columbia
Central Saanich,BC,British Columbia
Sainte-Catherine,QC,Quebec
Port Hope,ON,Ontario
Inverness,NS,Nova Scotia
Saint-Basile-le-Grand,QC,Quebec
L’Ancienne-Lorette,QC,Quebec
Swift Current,SK,Saskatchewan
Pembroke,ON,Ontario
Edmundston,NB,New Brunswick
Yorkton,SK,Saskatchewan
Springfield,MB,Manitoba
Sylvan Lake,AB,Alberta
Bracebridge,ON,Ontario
Summerside,PE,Prince Edward Island
Canmore,AB,Alberta
Bathurst,NB,New Brunswick
Greater Napanee,ON,Ontario
Lake Country,BC,British Columbia
Hanover,MB,Manitoba
Winkler,MB,Manitoba
Saint-Charles-Borromée,QC,Quebec
Cowansville,QC,Quebec
Sainte-Anne-des-Plaines,QC,Quebec
Gaspé,QC,Quebec
Sooke,BC,British Columbia
Kenora,ON,Ontario
Cold Lake,AB,Alberta
Brooks,AB,Alberta
Kentville,NS,Nova Scotia
Comox,BC,British Columbia
Pincourt,QC,Quebec
Mississippi Mills,ON,Ontario
St. Clair,ON,Ontario
Terrace,BC,British Columbia
Mercier,QC,Quebec
West Lincoln,ON,Ontario
Lavaltrie,QC,Quebec
West Nipissing / Nipissing Ouest,ON,Ontario
Strathmore,AB,Alberta
High River,AB,Alberta
Clearview,ON,Ontario
Lachute,QC,Quebec
Rosemère,QC,Quebec
Matane,QC,Quebec
Thames Centre,ON,Ontario
Powell River,BC,British Columbia
Carleton Place,ON,Ontario
Guelph/Eramosa,ON,Ontario
Grand Falls,NL,Newfoundland and Labrador
North Battleford,SK,Saskatchewan
Mont-Laurier,QC,Quebec
Central Elgin,ON,Ontario
Mistassini,QC,Quebec
Saugeen Shores,ON,Ontario
Ingersoll,ON,Ontario
Beauharnois,QC,Quebec
South Stormont,ON,Ontario
Bécancour,QC,Quebec
Severn,ON,Ontario
Lacombe,AB,Alberta
Sainte-Sophie,QC,Quebec
Val-des-Monts,QC,Quebec
Saint-Amable,QC,Quebec
Portage La Prairie,MB,Manitoba
South Glengarry,ON,Ontario
Sainte-Marie,QC,Quebec
North Perth,ON,Ontario
Thompson,MB,Manitoba
Trent Hills,ON,Ontario
Trail,BC,British Columbia
The Nation / La Nation,ON,Ontario
Amos,QC,Quebec
Wetaskiwin,AB,Alberta
West Grey,ON,Ontario
Warman,SK,Saskatchewan
Dawson Creek,BC,British Columbia
Sidney,BC,British Columbia
Gravenhurst,ON,Ontario
Prince Rupert,BC,British Columbia
Perth East,ON,Ontario
North Saanich,BC,British Columbia
Prévost,QC,Quebec
Sainte-Adèle,QC,Quebec
Sainte-Agathe-des-Monts,QC,Quebec
Quesnel,BC,British Columbia
Les Îles-de-la-Madeleine,QC,Quebec
Taché,MB,Manitoba
Wellington North,ON,Ontario
St. Andrews,MB,Manitoba
Williams Lake,BC,British Columbia
Gander,NL,Newfoundland and Labrador
Whistler,BC,British Columbia
Brighton,ON,Ontario
Tiny,ON,Ontario
Hawkesbury,ON,Ontario
Carignan,QC,Quebec
Brock,ON,Ontario
L’Île-Perrot,QC,Quebec
Summerland,BC,British Columbia
St. Clements,MB,Manitoba
View Royal,BC,British Columbia
Montmagny,QC,Quebec
Cantley,QC,Quebec
Erin,ON,Ontario
Notre-Dame-de-l'Île-Perrot,QC,Quebec
Kincardine,ON,Ontario
Elliot Lake,ON,Ontario
Bromont,QC,Quebec
Arnprior,ON,Ontario
North Dundas,ON,Ontario
Wellesley,ON,Ontario
Nelson,BC,British Columbia
Ladysmith,BC,British Columbia
Coldstream,BC,British Columbia
Georgian Bluffs,ON,Ontario
Weyburn,SK,Saskatchewan
La Tuque,QC,Quebec
Norwich,ON,Ontario
Meaford,ON,Ontario
Adjala-Tosorontio,ON,Ontario
Hamilton Township,ON,Ontario
Stratford,PE,Prince Edward Island
Estevan,SK,Saskatchewan
South Dundas,ON,Ontario
Lambton Shores,ON,Ontario
North Dumfries,ON,Ontario
Martensville,SK,Saskatchewan
Mapleton,ON,Ontario
Rawdon,QC,Quebec
Morinville,AB,Alberta
Blackfalds,AB,Alberta
Chester,NS,Nova Scotia
Queens,NS,Nova Scotia
Selkirk,MB,Manitoba
Saint-Félicien,QC,Quebec
Roberval,QC,Quebec
Rideau Lakes,ON,Ontario
Sechelt,BC,British Columbia
Bois-des-Filion,QC,Quebec
North Glengarry,ON,Ontario
South Huron,ON,Ontario
Marieville,QC,Quebec
Penetanguishene,ON,Ontario
Tay,ON,Ontario
Castlegar,BC,British Columbia
Cavan Monaghan,ON,Ontario
Morden,MB,Manitoba
Temiskaming Shores,ON,Ontario
Hinton,AB,Alberta
Saint-Sauveur,QC,Quebec
Grey Highlands,ON,Ontario
East St. Paul,MB,Manitoba
Stoneham-et-Tewkesbury,QC,Quebec
Alfred and Plantagenet,ON,Ontario
Mont-Tremblant,QC,Quebec
Saint-Zotique,QC,Quebec
Saint-Raymond,QC,Quebec
Gibsons,BC,British Columbia
Amherst,NS,Nova Scotia
Elizabethtown-Kitley,ON,Ontario
Smiths Falls,ON,Ontario
Lorraine,QC,Quebec
Ramara,ON,Ontario
Notre-Dame-des-Prairies,QC,Quebec
Leeds and the Thousand Islands,ON,Ontario
Brockton,ON,Ontario
Laurentian Valley,ON,Ontario
Mono,ON,Ontario
Sainte-Julienne,QC,Quebec
Qualicum Beach,BC,British Columbia
Malahide,ON,Ontario
Oromocto,NB,New Brunswick
Whitecourt,AB,Alberta
Olds,AB,Alberta
Huron East,ON,Ontario
Beckwith,ON,Ontario
Labrador City,NL,Newfoundland and Labrador
Shelburne,ON,Ontario
Stanley,MB,Manitoba
Taber,AB,Alberta
Donnacona,QC,Quebec
Corman Park No. 344,SK,Saskatchewan
L’Epiphanie,QC,Quebec
West Perth,ON,Ontario
Campbellton,NB,New Brunswick
Bridgewater,NS,Nova Scotia
Coaldale,AB,Alberta
Pont-Rouge,QC,Quebec
Champlain,ON,Ontario
Coaticook,QC,Quebec
Minto,ON,Ontario
La Pêche,QC,Quebec
Shediac,NB,New Brunswick
Otterburn Park,QC,Quebec
Sainte-Brigitte-de-Laval,QC,Quebec
Sainte-Catherine-de-la-Jacques-Cartier,QC,Quebec
South Bruce Peninsula,ON,Ontario
Portugal Cove-St. Philip's,NL,Newfoundland and Labrador
Edson,AB,Alberta
Renfrew,ON,Ontario
Farnham,QC,Quebec
Delson,QC,Quebec
Plympton-Wyoming,ON,Ontario
Banff,AB,Alberta
Kapuskasing,ON,Ontario
La Malbaie,QC,Quebec
Boischatel,QC,Quebec
Beauport,QC,Quebec
Zorra,ON,Ontario
Kitimat,BC,British Columbia
Macdonald,MB,Manitoba
Happy Valley,NL,Newfoundland and Labrador
Saint-Hippolyte,QC,Quebec
Dauphin,MB,Manitoba
Church Point,NS,Nova Scotia
Old Chelsea,QC,Quebec
Drumheller,AB,Alberta
Kirkland Lake,ON,Ontario
Aylmer,ON,Ontario
Saint-Apollinaire,QC,Quebec
Puslinch,ON,Ontario
Argyle,NS,Nova Scotia
Torbay,NL,Newfoundland and Labrador
Yarmouth,NS,Nova Scotia
Innisfail,AB,Alberta
Nicolet,QC,Quebec
Rockwood,MB,Manitoba
Drummond/North Elmsley,ON,Ontario
Contrecoeur,QC,Quebec
Hanover,ON,Ontario
Dryden,ON,Ontario
Iqaluit,NU,Nunavut
Fort Frances,ON,Ontario
Goderich,ON,Ontario
La Sarre,QC,Quebec
Chandler,QC,Quebec
Stone Mills,ON,Ontario
South-West Oxford,ON,Ontario
Acton Vale,QC,Quebec
Douro-Dummer,ON,Ontario
Saint-Philippe,QC,Quebec
McNab/Braeside,ON,Ontario
Central Huron,ON,Ontario
Rigaud,QC,Quebec
Louiseville,QC,Quebec
Chibougamau,QC,Quebec
Coteau-du-Lac,QC,Quebec
Ritchot,MB,Manitoba
Kimberley,BC,British Columbia
Blandford-Blenheim,ON,Ontario
Bayham,ON,Ontario
Augusta,ON,Ontario
Stephenville,NL,Newfoundland and Labrador
The Pas,MB,Manitoba
St. Marys,ON,Ontario
Saint-Rémi,QC,Quebec
Drayton Valley,AB,Alberta
Ponoka,AB,Alberta
Southgate,ON,Ontario
Les Cèdres,QC,Quebec
Baie-Saint-Paul,QC,Quebec
Merritt,BC,British Columbia
Bluewater,ON,Ontario
East Zorra-Tavistock,ON,Ontario
Brownsburg,QC,Quebec
Asbestos,QC,Quebec
Otonabee-South Monaghan,ON,Ontario
Huron-Kinloss,ON,Ontario
Hampstead,QC,Quebec
Saint-Joseph-du-Lac,QC,Quebec
Plessisville,QC,Quebec
The Blue Mountains,ON,Ontario
Whitewater Region,ON,Ontario
Edwardsburgh/Cardinal,ON,Ontario
Sainte-Anne-des-Monts,QC,Quebec
Bay Roberts,NL,Newfoundland and Labrador
Wainfleet,ON,Ontario
North Stormont,ON,Ontario
Alnwick/Haldimand,ON,Ontario
Peace River,AB,Alberta
Saint-Lambert-de-Lauzon,QC,Quebec
Arran-Elderslie,ON,Ontario
Parry Sound,ON,Ontario
Val-Shefford,QC,Quebec
West St. Paul,MB,Manitoba
Slave Lake,AB,Alberta
Port-Cartier,QC,Quebec
Barrington,NS,Nova Scotia
Rocky Mountain House,AB,Alberta
Muskoka Falls,ON,Ontario
Cornwall,PE,Prince Edward Island
Saint-Paul,QC,Quebec
Devon,AB,Alberta
Perth,ON,Ontario
Wainwright,AB,Alberta
Shannon,QC,Quebec
Saint-Honoré,QC,Quebec
Beaubassin East / Beaubassin-est,NB,New Brunswick
Bonnyville,AB,Alberta
Cramahe,ON,Ontario
Beauceville,QC,Quebec
North Middlesex,ON,Ontario
Beaupré,QC,Quebec
Charlemagne,QC,Quebec
Kent,BC,British Columbia
Clarenville,NL,Newfoundland and Labrador
Mont-Joli,QC,Quebec
Pointe-Calumet,QC,Quebec
Dysart et al,ON,Ontario
Carbonear,NL,Newfoundland and Labrador
Hope,BC,British Columbia
Pontiac,QC,Quebec
L'Ange-Gardien,QC,Quebec
Hindon Hill,ON,Ontario
La Broquerie,MB,Manitoba
Tweed,ON,Ontario
Oliver Paipoonge,ON,Ontario
Saint-Félix-de-Valois,QC,Quebec
Melfort,SK,Saskatchewan
Stettler,AB,Alberta
Niverville,MB,Manitoba
McMasterville,QC,Quebec
Douglas,NB,New Brunswick
Saint-Calixte,QC,Quebec
Lac-Mégantic,QC,Quebec
Humboldt,SK,Saskatchewan
St. Paul,AB,Alberta
Saint-Henri,QC,Quebec
Peachland,BC,British Columbia
Verchères,QC,Quebec
Richelieu,QC,Quebec
Petrolia,ON,Ontario
Southwest Middlesex,ON,Ontario
Front of Yonge,ON,Ontario
Oliver,BC,British Columbia
Vegreville,AB,Alberta
Princeville,QC,Quebec
Saint-Césaire,QC,Quebec
Tay Valley,ON,Ontario
South Bruce,ON,Ontario
Antigonish,NS,Nova Scotia
Crowsnest Pass,AB,Alberta
Redcliff,AB,Alberta
Val-David,QC,Quebec
Fernie,BC,British Columbia
Windsor,NS,Nova Scotia
Notre-Dame-du-Mont-Carmel,QC,Quebec
Sainte-Martine,QC,Quebec
Creston,BC,British Columbia
Saint-Roch-de-l'Achigan,QC,Quebec
Sussex,NB,New Brunswick
Saint-Pie,QC,Quebec
Ashfield-Colborne-Wawanosh,ON,Ontario
Trent Lakes,ON,Ontario
Northern Rockies,BC,British Columbia
Gananoque,ON,Ontario
Windsor,QC,Quebec
Smithers,BC,British Columbia
Tracadie,NB,New Brunswick
Meadow Lake,SK,Saskatchewan
Lanark Highlands,ON,Ontario
Sackville,NB,New Brunswick
Grand Falls,NB,New Brunswick
Armstrong,BC,British Columbia
Cochrane,ON,Ontario
La Ronge,SK,Saskatchewan
Marystown,NL,Newfoundland and Labrador
Sioux Lookout,ON,Ontario
Didsbury,AB,Alberta
Deer Lake,NL,Newfoundland and Labrador
Woodstock,NB,New Brunswick
Flin Flon,SK,Saskatchewan
Brokenhead,MB,Manitoba
Burton,NB,New Brunswick
Montréal-Ouest,QC,Quebec
Spallumcheen,BC,British Columbia
Westlock,AB,Alberta
Témiscouata-sur-le-Lac,QC,Quebec
Osoyoos,BC,British Columbia
Saint Marys,NB,New Brunswick
Hearst,ON,Ontario
Metchosin,BC,British Columbia
Wolfville,NS,Nova Scotia
Breslau,ON,Ontario
Stonewall,MB,Manitoba
Memramcook,NB,New Brunswick
Sainte-Anne-de-Bellevue,QC,Quebec
Stirling-Rawdon,ON,Ontario
Mont-Orford,QC,Quebec
Ste. Anne,MB,Manitoba
Espanola,ON,Ontario
West Elgin,ON,Ontario
Flin Flon (Part),MB,Manitoba
Grand Bay-Westfield,NB,New Brunswick
East Ferris,ON,Ontario
Neepawa,MB,Manitoba
North Huron,ON,Ontario
Saint-Germain-de-Grantham,QC,Quebec
Saint-Cyrille-de-Wendover,QC,Quebec
Chisasibi,QC,Quebec
Southwold,ON,Ontario
Chertsey,QC,Quebec
Shippagan,NB,New Brunswick
Lanoraie,QC,Quebec
Centre Hastings,ON,Ontario
Coverdale,NB,New Brunswick
Warwick,QC,Quebec
Hanwell,NB,New Brunswick
Napierville,QC,Quebec
Waterloo,QC,Quebec
Saint-Joseph-de-Beauce,QC,Quebec
White City,SK,Saskatchewan
Lucan Biddulph,ON,Ontario
Berthierville,QC,Quebec
Rivière-Rouge,QC,Quebec
Greenstone,ON,Ontario
Kindersley,SK,Saskatchewan
Saint-Denis-de-Brompton,QC,Quebec
Jasper,AB,Alberta
Barrhead,AB,Alberta
Melville,SK,Saskatchewan
Amqui,QC,Quebec
Saint-Mathias-sur-Richelieu,QC,Quebec
Tyendinaga,ON,Ontario
Iroquois Falls,ON,Ontario
Havelock-Belmont-Methuen,ON,Ontario
Cornwallis,MB,Manitoba
Saint-Boniface,QC,Quebec
Westbank,BC,British Columbia
Edenwold No. 158,SK,Saskatchewan
Cumberland,BC,British Columbia
Goulds,NL,Newfoundland and Labrador
Vanderhoof,BC,British Columbia
Château-Richer,QC,Quebec
Saint Stephen,NB,New Brunswick
Nipawin,SK,Saskatchewan
Battleford,SK,Saskatchewan
Hampton,NB,New Brunswick
Montréal-Est,QC,Quebec
Central Frontenac,ON,Ontario
Saint-Antonin,QC,Quebec
Saint-Jean-de-Matha,QC,Quebec
Headingley,MB,Manitoba
Seguin,ON,Ontario
Beresford,NB,New Brunswick
La Pocatière,QC,Quebec
Bowen Island,BC,British Columbia
Caraquet,NB,New Brunswick
Altona,MB,Manitoba
Roxton Pond,QC,Quebec
Saint-Étienne-des-Grès,QC,Quebec
Grand Forks,BC,British Columbia
New Maryland,NB,New Brunswick
Port Hardy,BC,British Columbia
Saint-Donat,QC,Quebec
Madawaska Valley,ON,Ontario
Deep River,ON,Ontario
Asphodel-Norwood,ON,Ontario
Red Lake,ON,Ontario
Métabetchouan-Lac-à-la-Croix,QC,Quebec
Maniwaki,QC,Quebec
Vermilion,AB,Alberta
Hastings Highlands,ON,Ontario
Prescott,ON,Ontario
Carstairs,AB,Alberta
Danville,QC,Quebec
Channel-Port aux Basques,NL,Newfoundland and Labrador
Lac-Etchemin,QC,Quebec
Saint-Jacques,QC,Quebec
Swan River,MB,Manitoba
Stellarton,NS,Nova Scotia
Northern Bruce Peninsula,ON,Ontario
L’Islet-sur-Mer,QC,Quebec
Carleton-sur-Mer,QC,Quebec
Sparwood,BC,British Columbia
Casselman,ON,Ontario
Oka,QC,Quebec
Callander,ON,Ontario
Amaranth,ON,Ontario
Marmora and Lake,ON,Ontario
Raymond,AB,Alberta
Morin-Heights,QC,Quebec
Dundas,NB,New Brunswick
Simonds,NB,New Brunswick
Crabtree,QC,Quebec
Bancroft,ON,Ontario
Saint-Tite,QC,Quebec
Howick,ON,Ontario
Dutton/Dunwich,ON,Ontario
New Richmond,QC,Quebec
Perth South,ON,Ontario
Claresholm,AB,Alberta
Baie-d’Urfé,QC,Quebec
Montague,ON,Ontario
Saint-André-Avellin,QC,Quebec
Saint-Ambroise-de-Kildare,QC,Quebec
East Angus,QC,Quebec
Rossland,BC,British Columbia
Mackenzie,BC,British Columbia
Golden,BC,British Columbia
Saint-Adolphe-d'Howard,QC,Quebec
Warwick,ON,Ontario
Bonnechere Valley,ON,Ontario
Pincher Creek,AB,Alberta
Alnwick,NB,New Brunswick
Saint-Prosper,QC,Quebec
Crossfield,AB,Alberta
Ormstown,QC,Quebec
Cardston,AB,Alberta
De Salaberry,MB,Manitoba
Grande Cache,AB,Alberta
Saint-Agapit,QC,Quebec
Fruitvale,BC,British Columbia
Saint-Ambroise,QC,Quebec
Westville,NS,Nova Scotia
Hay River,NT,Northwest Territories
Pasadena,NL,Newfoundland and Labrador
Mistissini,QC,Quebec
Studholm,NB,New Brunswick
Lorette,MB,Manitoba
Saint-Faustin--Lac-Carré,QC,Quebec
Morris-Turnberry,ON,Ontario
Placentia,NL,Newfoundland and Labrador
Saint-Pascal,QC,Quebec
Mulmur,ON,Ontario
Blind River,ON,Ontario
Dunham,QC,Quebec
High Level,AB,Alberta
Havre-Saint-Pierre,QC,Quebec
Saint-Anselme,QC,Quebec
Trois-Pistoles,QC,Quebec
Grande-Rivière,QC,Quebec
Malartic,QC,Quebec
Bonavista,NL,Newfoundland and Labrador
Prince Albert No. 461,SK,Saskatchewan
Saint-Maurice,QC,Quebec
Killarney - Turtle Mountain,MB,Manitoba
Woodlands,MB,Manitoba
Lewisporte,NL,Newfoundland and Labrador
Invermere,BC,British Columbia
Bifrost-Riverton,MB,Manitoba
Ascot Corner,QC,Quebec
Cartier,MB,Manitoba
Fossambault-sur-le-Lac,QC,Quebec
Sainte-Anne-des-Lacs,QC,Quebec
Saint-Sulpice,QC,Quebec
Penhold,AB,Alberta
Powassan,ON,Ontario
Highlands East,ON,Ontario
Saint-Alphonse-de-Granby,QC,Quebec
Sainte-Claire,QC,Quebec
Bright,NB,New Brunswick
Ellison,BC,British Columbia
Percé,QC,Quebec
Saint-Jean-Port-Joli,QC,Quebec
East Hawkesbury,ON,Ontario
Buckland No. 491,SK,Saskatchewan
Saint-André-d'Argenteuil,QC,Quebec
Saint-Côme--Linière,QC,Quebec
Marathon,ON,Ontario
Forestville,QC,Quebec
Compton,QC,Quebec
Shuniah,ON,Ontario
Inuvik,NT,Northwest Territories
Richmond,QC,Quebec
Lake Cowichan,BC,British Columbia
Saint-Gabriel-de-Valcartier,QC,Quebec
Gibbons,AB,Alberta
Sables-Spanish Rivers,ON,Ontario
Hillsburg-Roblin-Shell River,MB,Manitoba
Port Hawkesbury,NS,Nova Scotia
Three Hills,AB,Alberta
Kingston,NB,New Brunswick
Paspebiac,QC,Quebec
Saint-Thomas,QC,Quebec
Saint-Jean-Baptiste,QC,Quebec
Portneuf,QC,Quebec
Pictou,NS,Nova Scotia
Tisdale,SK,Saskatchewan
Lake of Bays,ON,Ontario
Bishops Falls,NL,Newfoundland and Labrador
WestLake-Gladstone,MB,Manitoba
Normandin,QC,Quebec
Mitchell,MB,Manitoba
Saint-Alphonse-Rodriguez,QC,Quebec
Beauséjour,MB,Manitoba
Dalhousie,NB,New Brunswick
Val-Morin,QC,Quebec
Lac du Bonnet,MB,Manitoba
Clermont,QC,Quebec
Virden,MB,Manitoba
Saint-Christophe-d'Arthabaska,QC,Quebec
Mont-Saint-Grégoire,QC,Quebec
Thurso,QC,Quebec
Wellington,NB,New Brunswick
Cedar,BC,British Columbia
Saint-Gabriel,QC,Quebec
Merrickville,ON,Ontario
Saint-Liboire,QC,Quebec
Dégelis,QC,Quebec
Morris,MB,Manitoba
Saint-Alexis-des-Monts,QC,Quebec
Cap-Saint-Ignace,QC,Quebec
Fort Macleod,AB,Alberta
Enderby,BC,British Columbia
Carman,MB,Manitoba
Saint-Anaclet-de-Lessard,QC,Quebec
Stoke,QC,Quebec
Adelaide-Metcalfe,ON,Ontario
Melancthon,ON,Ontario
Cap Santé,QC,Quebec
Saint-David-de-Falardeau,QC,Quebec
Harbour Grace,NL,Newfoundland and Labrador
Houston,BC,British Columbia
Springdale,NL,Newfoundland and Labrador
Pemberton,BC,British Columbia
Athabasca,AB,Alberta
Saint-Ferréol-les-Neiges,QC,Quebec
Laurentian Hills,ON,Ontario
Grand Valley,ON,Ontario
Senneterre,QC,Quebec
Saint-Mathieu-de-Beloeil,QC,Quebec
Sainte-Marie-Madeleine,QC,Quebec
Admaston/Bromley,ON,Ontario
North Algona Wilberforce,ON,Ontario
Errington,BC,British Columbia
Wawa,ON,Ontario
Sainte-Mélanie,QC,Quebec
Horton,ON,Ontario
Saint-Paul-d'Abbotsford,QC,Quebec
Saint-Michel,QC,Quebec
Botwood,NL,Newfoundland and Labrador
Coalhurst,AB,Alberta
Saint-Marc-des-Carrières,QC,Quebec
Stanstead,QC,Quebec
Sainte-Anne-de-Beaupré,QC,Quebec
Sainte-Luce,QC,Quebec
Saint-Joseph-de-Sorel,QC,Quebec
Rankin Inlet,NU,Nunavut
Kingsclear,NB,New Brunswick
Princeton,BC,British Columbia
La Loche,SK,Saskatchewan
Ferme-Neuve,QC,Quebec
Yamachiche,QC,Quebec
Adstock,QC,Quebec
Cowichan Bay,BC,British Columbia
Vanscoy No. 345,SK,Saskatchewan
Enniskillen,ON,Ontario
Royston,BC,British Columbia
Bonaventure,QC,Quebec
Pohénégamook,QC,Quebec
Saint-Isidore,QC,Quebec
Wakefield,NB,New Brunswick
Arviat,NU,Nunavut
Sainte-Marguerite-du-Lac-Masson,QC,Quebec
Saint-Prime,QC,Quebec
Kuujjuaq,QC,Quebec
Atikokan,ON,Ontario
Grenville-sur-la-Rouge,QC,Quebec
North Cypress-Langford,MB,Manitoba
Saint-Dominique,QC,Quebec
Macamic,QC,Quebec
Sainte-Anne-de-Sorel,QC,Quebec
Sundre,AB,Alberta
Rougemont,QC,Quebec
Piedmont,QC,Quebec
Grimshaw,AB,Alberta
Lac-des-Écorces,QC,Quebec
Markstay,ON,Ontario
Northeastern Manitoulin and the Islands,ON,Ontario
Pelican Narrows,SK,Saskatchewan
McDougall,ON,Ontario
Black Diamond,AB,Alberta
Saint-Pamphile,QC,Quebec
Bedford,QC,Quebec
Weedon-Centre,QC,Quebec
Lacolle,QC,Quebec
Saint-Gabriel-de-Brandon,QC,Quebec
Huntingdon,QC,Quebec
French River / Rivière des Français,ON,Ontario
Spaniards Bay,NL,Newfoundland and Labrador
Cocagne,NB,New Brunswick
Pilot Butte,SK,Saskatchewan
Saint-Bruno,QC,Quebec
Laurier-Station,QC,Quebec
Saint-Anicet,QC,Quebec
Cap-Chat,QC,Quebec
Sexsmith,AB,Alberta
Notre-Dame-de-Lourdes,QC,Quebec
Ville-Marie,QC,Quebec
Wickham,QC,Quebec
Shippegan,NB,New Brunswick
East Garafraxa,ON,Ontario
Unity,SK,Saskatchewan
Rimbey,AB,Alberta
High Prairie,AB,Alberta
Turner Valley,AB,Alberta
Hanna,AB,Alberta
Neuville,QC,Quebec
Fort Smith,NT,Northwest Territories
Maria,QC,Quebec
Saint-Chrysostome,QC,Quebec
Greater Madawaska,ON,Ontario
Berwick,NS,Nova Scotia
Saint-Damase,QC,Quebec
Disraeli,QC,Quebec
Meadow Lake No. 588,SK,Saskatchewan
Elkford,BC,British Columbia
Georgian Bay,ON,Ontario
Saint-Alexandre,QC,Quebec
Hérbertville,QC,Quebec
Moosomin,SK,Saskatchewan
Highlands,BC,British Columbia
North Kawartha,ON,Ontario
Sainte-Thècle,QC,Quebec
Fermont,QC,Quebec
Esterhazy,SK,Saskatchewan
Holyrood,NL,Newfoundland and Labrador
La Présentation,QC,Quebec
Beaverlodge,AB,Alberta
Sainte-Catherine-de-Hatley,QC,Quebec
Saint-Basile,QC,Quebec
Saint-Raphaël,QC,Quebec
Saint-Martin,QC,Quebec
Causapscal,QC,Quebec
Brigham,QC,Quebec
Sainte-Victoire-de-Sorel,QC,Quebec
Perry,ON,Ontario
Port-Daniel--Gascons,QC,Quebec
Rosetown,SK,Saskatchewan
Minnedosa,MB,Manitoba
Labelle,QC,Quebec
Lincoln,NB,New Brunswick
Black River-Matheson,ON,Ontario
Saint-Michel-des-Saints,QC,Quebec
Dufferin,MB,Manitoba
Saint-Victor,QC,Quebec
Sicamous,BC,British Columbia
Cap Pele,NB,New Brunswick
Kelsey,MB,Manitoba
"Killaloe, Hagarty and Richards",ON,Ontario
Alvinston,ON,Ontario
Trenton,NS,Nova Scotia
Lunenburg,NS,Nova Scotia
Saint-Éphrem-de-Beauce,QC,Quebec
Chase,BC,British Columbia
Léry,QC,Quebec
Assiniboia,SK,Saskatchewan
Tumbler Ridge,BC,British Columbia
Salisbury,NB,New Brunswick
Témiscaming,QC,Quebec
Magrath,AB,Alberta
Sainte-Geneviève-de-Berthier,QC,Quebec
Logy Bay-Middle Cove-Outer Cove,NL,Newfoundland and Labrador
Buctouche,NB,New Brunswick
Grand Manan,NB,New Brunswick
Sainte-Madeleine,QC,Quebec
Anmore,BC,British Columbia
Sainte-Croix,QC,Quebec
Algonquin Highlands,ON,Ontario
Valcourt,QC,Quebec
Gimli,MB,Manitoba
Saint George,NB,New Brunswick
Saint-Mathieu,QC,Quebec
Paquetville,NB,New Brunswick
Clearwater,BC,British Columbia
Addington Highlands,ON,Ontario
Lillooet,BC,British Columbia
Burin,NL,Newfoundland and Labrador
Grand Bank,NL,Newfoundland and Labrador
Waterville,QC,Quebec
Minto,NB,New Brunswick
Rosthern No. 403,SK,Saskatchewan
Mansfield-et-Pontefract,QC,Quebec
Saint-Denis,QC,Quebec
Gore,QC,Quebec
Outlook,SK,Saskatchewan
Saint-Gédéon-de-Beauce,QC,Quebec
Saint-Léonard-d'Aston,QC,Quebec
Fort-Coulonge,QC,Quebec
Albanel,QC,Quebec
St. Anthony,NL,Newfoundland and Labrador
Pessamit,QC,Quebec
Logan Lake,BC,British Columbia
Maskinongé,QC,Quebec
Saint-Charles-de-Bellechasse,QC,Quebec
Fogo Island,NL,Newfoundland and Labrador
Neebing,ON,Ontario
Port McNeill,BC,British Columbia
Hatley,QC,Quebec
East Broughton,QC,Quebec
Saint-Polycarpe,QC,Quebec
Deschambault,QC,Quebec
Canora,SK,Saskatchewan
Upper Miramichi,NB,New Brunswick
Tofino,BC,British Columbia
Hardwicke,NB,New Brunswick
Wendake,QC,Quebec
Saint-Côme,QC,Quebec
Waskaganish,QC,Quebec
Twillingate,NL,Newfoundland and Labrador
Saint-Quentin,NB,New Brunswick
Lebel-sur-Quévillon,QC,Quebec
Calmar,AB,Alberta
Nanton,AB,Alberta
Pierreville,QC,Quebec
New-Wes-Valley,NL,Newfoundland and Labrador
Pennfield Ridge,NB,New Brunswick
Northesk,NB,New Brunswick
West Interlake,MB,Manitoba
Biggar,SK,Saskatchewan
Kent,NB,New Brunswick
Maple Creek,SK,Saskatchewan
Wabana,NL,Newfoundland and Labrador
Bonfield,ON,Ontario
Saint-Gilles,QC,Quebec
Saint-Bernard,QC,Quebec
Sainte-Cécile-de-Milton,QC,Quebec
Saint-Roch-de-Richelieu,QC,Quebec
Burns Lake,BC,British Columbia
Redwater,AB,Alberta
Saint-Nazaire,QC,Quebec
Westfield Beach,NB,New Brunswick
Saltair,BC,British Columbia
Saint-Elzéar,QC,Quebec
Hinchinbrooke,QC,Quebec
Dundurn No. 314,SK,Saskatchewan
Saint-François-Xavier-de-Brompton,QC,Quebec
Papineauville,QC,Quebec
Prairie View,MB,Manitoba
Saint-Ignace-de-Loyola,QC,Quebec
Central Manitoulin,ON,Ontario
Glovertown,NL,Newfoundland and Labrador
Tofield,AB,Alberta
Madoc,ON,Ontario
Sainte-Anne-de-Sabrevois,QC,Quebec
Sainte-Anne-de-la-Pérade,QC,Quebec
Saint-Damien-de-Buckland,QC,Quebec
Baker Lake,NU,Nunavut
Saint-Ferdinand,QC,Quebec
Pouch Cove,NL,Newfoundland and Labrador
Britannia No. 502,SK,Saskatchewan
Saint-Fulgence,QC,Quebec
Digby,NS,Nova Scotia
Manouane,QC,Quebec
Saint-Gervais,QC,Quebec
Saint-Alexandre-de-Kamouraska,QC,Quebec
Saint-Marc-sur-Richelieu,QC,Quebec
Mandeville,QC,Quebec
Caplan,QC,Quebec
Allardville,NB,New Brunswick
Saint-Damien,QC,Quebec
Lac-Nominingue,QC,Quebec
Obedjiwan,QC,Quebec
Rama,SK,Saskatchewan
Deloraine-Winchester,MB,Manitoba
Oakland-Wawanesa,MB,Manitoba
Brenda-Waskada,MB,Manitoba
Russell-Binscarth,MB,Manitoba
Ellice-Archie,MB,Manitoba
Souris-Glenwood,MB,Manitoba
Riverdale,MB,Manitoba
Pembina,MB,Manitoba
Wallace-Woodworth,MB,Manitoba
Lorne,MB,Manitoba
Yellowhead,MB,Manitoba
Swan Valley West,MB,Manitoba
Grey,MB,Manitoba
Gilbert Plains,MB,Manitoba
Norfolk-Treherne,MB,Manitoba
Emerson-Franklin,MB,Manitoba
Sifton,MB,Manitoba
Grassland,MB,Manitoba
Louise,MB,Manitoba
Ste. Rose,MB,Manitoba
Cartwright-Roblin,MB,Manitoba
Mossey River,MB,Manitoba
Lakeshore,MB,Manitoba
Riding Mountain West,MB,Manitoba
Clanwilliam-Erickson,MB,Manitoba
Glenboro-South Cypress,MB,Manitoba
North Norfolk,MB,Manitoba
Reinland,MB,Manitoba
Minitonas-Bowsman,MB,Manitoba
Kippens,NL,Newfoundland and Labrador
Saint-Gédéon,QC,Quebec
Lumby,BC,British Columbia
Kingsey Falls,QC,Quebec
Provost,AB,Alberta
Saint-Charles,NB,New Brunswick
Swift Current No. 137,SK,Saskatchewan
Mattawa,ON,Ontario
Blucher,SK,Saskatchewan
L'Ascension-de-Notre-Seigneur,QC,Quebec
Bow Island,AB,Alberta
Barraute,QC,Quebec
One Hundred Mile House,BC,British Columbia
Saint-Liguori,QC,Quebec
Saint Mary,NB,New Brunswick
Saint-Patrice-de-Sherrington,QC,Quebec
Fox Creek,AB,Alberta
Lumsden No. 189,SK,Saskatchewan
Dawn-Euphemia,ON,Ontario
Chapleau,ON,Ontario
Saint-Esprit,QC,Quebec
Montague,PE,Prince Edward Island
Mashteuiatsh,QC,Quebec
Saint-François-du-Lac,QC,Quebec
Petit Rocher,NB,New Brunswick
Eel River Crossing,NB,New Brunswick
Millet,AB,Alberta
Ucluelet,BC,British Columbia
Vallée-Jonction,QC,Quebec
Manitouwadge,ON,Ontario
Wellington,ON,Ontario
Frontenac Islands,ON,Ontario
Point Edward,ON,Ontario
Picture Butte,AB,Alberta
Manners Sutton,NB,New Brunswick
Fort Qu’Appelle,SK,Saskatchewan
Vulcan,AB,Alberta
Chetwynd,BC,British Columbia
Indian Head,SK,Saskatchewan
Wabush,NL,Newfoundland and Labrador
Saint-Fabien,QC,Quebec
Harrison Hot Springs,BC,British Columbia
Watrous,SK,Saskatchewan
North Frontenac,ON,Ontario
Lac-Supérieur,QC,Quebec
Les Escoumins,QC,Quebec
Richibucto,NB,New Brunswick
Terrasse-Vaudreuil,QC,Quebec
Rivière-Beaudette,QC,Quebec
Orkney No. 244,SK,Saskatchewan
Saint-Barthélemy,QC,Quebec
Komoka,ON,Ontario
Nisga'a,BC,British Columbia
Austin,QC,Quebec
Saint-Paul-de-l'Île-aux-Noix,QC,Quebec
Behchokò,NT,Northwest Territories
Saint-Cyprien-de-Napierville,QC,Quebec
Valleyview,AB,Alberta
Déléage,QC,Quebec
Potton,QC,Quebec
Sainte-Béatrix,QC,Quebec
Saint-Georges-de-Cacouna,QC,Quebec
Lakeview,BC,British Columbia
Sainte-Justine,QC,Quebec
Saint-Valérien-de-Milton,QC,Quebec
Saint-Cuthbert,QC,Quebec
Saint-Blaise-sur-Richelieu,QC,Quebec
Middleton,NS,Nova Scotia
Kamsack,SK,Saskatchewan
Carberry,MB,Manitoba
Saint-Joseph-de-Coleraine,QC,Quebec
Trinity Bay North,NL,Newfoundland and Labrador
Pointe-Lebel,QC,Quebec
Grenville,QC,Quebec
Saint-Michel-de-Bellechasse,QC,Quebec
Sainte-Angèle-de-Monnoir,QC,Quebec
Champlain,QC,Quebec
Sacré-Coeur-Saguenay,QC,Quebec
Saint-Louis,NB,New Brunswick
Saint-Lucien,QC,Quebec
Victoria,NL,Newfoundland and Labrador
Lumsden,SK,Saskatchewan
Saint-Robert,QC,Quebec
Armstrong,MB,Manitoba
Keremeos,BC,British Columbia
Regina Beach,SK,Saskatchewan
La Guadeloupe,QC,Quebec
Sutton,QC,Quebec
Saint Andrews,NB,New Brunswick
Saint-Placide,QC,Quebec
Grunthal,MB,Manitoba
Povungnituk,QC,Quebec
Pointe-des-Cascades,QC,Quebec
Deseronto,ON,Ontario
Lamont,AB,Alberta
Chambord,QC,Quebec
Maugerville,NB,New Brunswick
Dudswell,QC,Quebec
Nipissing,ON,Ontario
Shaunavon,SK,Saskatchewan
Wynyard,SK,Saskatchewan
Cambridge Bay,NU,Nunavut
Dalmeny,SK,Saskatchewan
Saint-Narcisse,QC,Quebec
Waswanipi,QC,Quebec
Inukjuak,QC,Quebec
Balgonie,SK,Saskatchewan
Piney,MB,Manitoba
Warfield,BC,British Columbia
Saint-Zacharie,QC,Quebec
Hemmingford,QC,Quebec
Saint-Pierre-de-l'Île-d'Orléans,QC,Quebec
Kensington,PE,Prince Edward Island
Shelburne,NS,Nova Scotia
Saint-Clet,QC,Quebec
Blumenort,MB,Manitoba
Brighton,NB,New Brunswick
Saint-Antoine,NB,New Brunswick
Northampton,NB,New Brunswick
Flat Rock,NL,Newfoundland and Labrador
Saint-Ours,QC,Quebec
Stephenville Crossing,NL,Newfoundland and Labrador
Sainte-Anne-de-la-Pocatière,QC,Quebec
Popkum,BC,British Columbia
Notre-Dame-du-Bon-Conseil,QC,Quebec
Fisher,MB,Manitoba
Sainte-Clotilde,QC,Quebec
Lantz,NS,Nova Scotia
Wicklow,NB,New Brunswick
Nouvelle,QC,Quebec
Wasagamack,MB,Manitoba
Rosthern,SK,Saskatchewan
Yamaska,QC,Quebec
Neguac,NB,New Brunswick
Saint-Antoine-de-Tilly,QC,Quebec
Igloolik,NU,Nunavut
Whitehead,MB,Manitoba
Saint-Élie-de-Caxton,QC,Quebec
Balmoral,NB,New Brunswick
Price,QC,Quebec
Rosedale,MB,Manitoba
Saint-Jacques-le-Mineur,QC,Quebec
Coombs,BC,British Columbia
Val-Joli,QC,Quebec
Southesk,NB,New Brunswick
Huron Shores,ON,Ontario
Saint-Antoine-sur-Richelieu,QC,Quebec
Saint-Pacôme,QC,Quebec
Saint-Stanislas-de-Kostka,QC,Quebec
Saint-Jacques,NB,New Brunswick
Frontenac,QC,Quebec
Stuartburn,MB,Manitoba
Sainte-Émélie-de-l'Énergie,QC,Quebec
Saint-Charles-sur-Richelieu,QC,Quebec
Nipigon,ON,Ontario
Witless Bay,NL,Newfoundland and Labrador
Sainte-Hélène-de-Bagot,QC,Quebec
Franklin Centre,QC,Quebec
Harbour Breton,NL,Newfoundland and Labrador
Mille-Isles,QC,Quebec
Naramata,BC,British Columbia
Lyster,QC,Quebec
Oakview,MB,Manitoba
Harrison Park,MB,Manitoba
Pond Inlet,NU,Nunavut
Sainte-Clotilde-de-Horton,QC,Quebec
Burford,ON,Ontario
Saint-Benoît-Labre,QC,Quebec
Terrace Bay,ON,Ontario
Maliotenam,QC,Quebec
Chapais,QC,Quebec
Saint-Honoré-de-Shenley,QC,Quebec
Cleveland,QC,Quebec
Messines,QC,Quebec
Saint-Laurent-de-l'Île-d'Orléans,QC,Quebec
Saint-Jean-de-Dieu,QC,Quebec
Massey Drive,NL,Newfoundland and Labrador
Nakusp,BC,British Columbia
Florenceville,NB,New Brunswick
Larouche,QC,Quebec
Fort St. James,BC,British Columbia
Saint-François-de-la-Rivière-du-Sud,QC,Quebec
Wabasca,AB,Alberta
Hilliers,BC,British Columbia
Perth,NB,New Brunswick
Eeyou Istchee Baie-James,QC,Quebec
Shellbrook No. 493,SK,Saskatchewan
Shawville,QC,Quebec
Lambton,QC,Quebec
Saint-Flavien,QC,Quebec
Boissevain,MB,Manitoba
Sainte-Marcelline-de-Kildare,QC,Quebec
Rivière-Blanche,QC,Quebec
Bay Bulls,NL,Newfoundland and Labrador
Saint-Félix-de-Kingsey,QC,Quebec
Upper Island Cove,NL,Newfoundland and Labrador
Sainte-Élisabeth,QC,Quebec
Ashcroft,BC,British Columbia
Clarkes Beach,NL,Newfoundland and Labrador
Falmouth,NS,Nova Scotia
Uashat,QC,Quebec
Saint-Bernard-de-Lacolle,QC,Quebec
Saint-Joseph,NB,New Brunswick
Belledune,NB,New Brunswick
Saint-Guillaume,QC,Quebec
Venise-en-Québec,QC,Quebec
Gambo,NL,Newfoundland and Labrador
Nauwigewauk,NB,New Brunswick
Humbermouth,NL,Newfoundland and Labrador
Springbrook,AB,Alberta
Saint-Paulin,QC,Quebec
Glenelg,NB,New Brunswick
Saint David,NB,New Brunswick
Saint-Albert,QC,Quebec
Matagami,QC,Quebec
Grindrod,BC,British Columbia
Springfield,NB,New Brunswick
Amherst,QC,Quebec
Carlyle,SK,Saskatchewan
Notre-Dame-du-Laus,QC,Quebec
Langham,SK,Saskatchewan
St. George,NB,New Brunswick
Wembley,AB,Alberta
"Macdonald, Meredith and Aberdeen Additional",ON,Ontario
Pinawa,MB,Manitoba
Windermere,BC,British Columbia
Saint-Tite-des-Caps,QC,Quebec
Hudson Bay,SK,Saskatchewan
"Brudenell, Lyndoch and Raglan",ON,Ontario
Gold River,BC,British Columbia
Saint-Casimir,QC,Quebec
Dunsmuir,BC,British Columbia
Frenchman Butte,SK,Saskatchewan
Gordon,NB,New Brunswick
Saint-Malachie,QC,Quebec
Southampton,NB,New Brunswick
Salluit,QC,Quebec
Pangnirtung,NU,Nunavut
Saint-Louis-de-Gonzague,QC,Quebec
Moosonee,ON,Ontario
Englehart,ON,Ontario
Saint-Urbain,QC,Quebec
Tring-Jonction,QC,Quebec
Wilton No. 472,SK,Saskatchewan
Denmark,NB,New Brunswick
Saint-Joachim,QC,Quebec
Torch River No. 488,SK,Saskatchewan
Saint-Théodore-d'Acton,QC,Quebec
L’ Îsle-Verte,QC,Quebec
Palmarolle,QC,Quebec
Bon Accord,AB,Alberta
Sussex Corner,NB,New Brunswick
Saint-Odilon-de-Cranbourne,QC,Quebec
Pipestone,MB,Manitoba
La Doré,QC,Quebec
Lac-au-Saumon,QC,Quebec
Wotton,QC,Quebec
Prairie Lakes,MB,Manitoba
Elk Point,AB,Alberta
St. François Xavier,MB,Manitoba
Shellbrook,SK,Saskatchewan
Wemindji,QC,Quebec
Cape Dorset,NU,Nunavut
Strong,ON,Ontario
Nobleford,AB,Alberta
Lappe,ON,Ontario
Pointe-aux-Outardes,QC,Quebec
Rivière-Héva,QC,Quebec
Scott,QC,Quebec
Godmanchester,QC,Quebec
Macklin,SK,Saskatchewan
Armour,ON,Ontario
Saint-Simon,QC,Quebec
Tingwick,QC,Quebec
Saint-Aubert,QC,Quebec
Saint-Mathieu-du-Parc,QC,Quebec
Saint-Ubalde,QC,Quebec
Creighton,SK,Saskatchewan
Faraday,ON,Ontario
Berthier-sur-Mer,QC,Quebec
Bayfield,ON,Ontario
Frampton,QC,Quebec
Barrière,BC,British Columbia
Chute-aux-Outardes,QC,Quebec
Lions Bay,BC,British Columbia
New Carlisle,QC,Quebec
Laird No. 404,SK,Saskatchewan
Saint-Majorique-de-Grantham,QC,Quebec
Petitcodiac,NB,New Brunswick
Canwood No. 494,SK,Saskatchewan
Wentworth-Nord,QC,Quebec
Bas Caraquet,NB,New Brunswick
Two Hills,AB,Alberta
Sainte-Ursule,QC,Quebec
Dawson,YT,Yukon
Nantes,QC,Quebec
Lac-aux-Sables,QC,Quebec
Stewiacke,NS,Nova Scotia
Vaudreuil-sur-le-Lac,QC,Quebec
Grahamdale,MB,Manitoba
Upham,NB,New Brunswick
St.-Charles,ON,Ontario
Cardwell,NB,New Brunswick
Amulet,QC,Quebec
L’Avenir,QC,Quebec
Hillsborough,NB,New Brunswick
Spiritwood No. 496,SK,Saskatchewan
Pointe-à-la-Croix,QC,Quebec
Hérouxville,QC,Quebec
Weldford,NB,New Brunswick
Reynolds,MB,Manitoba
St. Laurent,MB,Manitoba
L'Isle-aux-Allumettes,QC,Quebec
Emo,ON,Ontario
Sainte-Brigide-d'Iberville,QC,Quebec
Les Éboulements,QC,Quebec
Smooth Rock Falls,ON,Ontario
Bruederheim,AB,Alberta
Oxbow,SK,Saskatchewan
Telkwa,BC,British Columbia
Landmark,MB,Manitoba
Norton,NB,New Brunswick
Gjoa Haven,NU,Nunavut
Sainte-Barbe,QC,Quebec
Mayerthorpe,AB,Alberta
Ootischenia,BC,British Columbia
Saint-Louis-du-Ha! Ha!,QC,Quebec
Taylor,BC,British Columbia
Powerview-Pine Falls,MB,Manitoba
Ragueneau,QC,Quebec
Baie Verte,NL,Newfoundland and Labrador
Chisholm,ON,Ontario
Saint-Édouard,QC,Quebec
Charlo,NB,New Brunswick
Sorrento,BC,British Columbia
Burgeo,NL,Newfoundland and Labrador
Wadena,SK,Saskatchewan
St-Pierre-Jolys,MB,Manitoba
Richmond,NB,New Brunswick
Youbou,BC,British Columbia
Swan Hills,AB,Alberta
Wilkie,SK,Saskatchewan
Saint-Léonard,NB,New Brunswick
Rivière-Bleue,QC,Quebec
Noyan,QC,Quebec
Notre-Dame-du-Portage,QC,Quebec
Ile-à-la-Crosse,SK,Saskatchewan
Saint-Hugues,QC,Quebec
Sainte-Anne-du-Sault,QC,Quebec
La Conception,QC,Quebec
Vauxhall,AB,Alberta
Lamèque,NB,New Brunswick
Arborg,MB,Manitoba
Estevan No. 5,SK,Saskatchewan
Thessalon,ON,Ontario
L'Isle-aux-Coudres,QC,Quebec
Lanigan,SK,Saskatchewan
Elton,MB,Manitoba
Bowden,AB,Alberta
South Qu'Appelle No. 157,SK,Saskatchewan
Conestogo,ON,Ontario
Rosser,MB,Manitoba
Sainte-Lucie-des-Laurentides,QC,Quebec
Saint-Alexis,QC,Quebec
Roxton Falls,QC,Quebec
Montcalm,MB,Manitoba
Irishtown-Summerside,NL,Newfoundland and Labrador
Clarendon,QC,Quebec
Mervin No. 499,SK,Saskatchewan
Saint-Ludger,QC,Quebec
Coldwell,MB,Manitoba
Musquash,NB,New Brunswick
Racine,QC,Quebec
Osler,SK,Saskatchewan
Saint-Zénon,QC,Quebec
Saint-Armand,QC,Quebec
Saint-Édouard-de-Lotbinière,QC,Quebec
Alonsa,MB,Manitoba
Saint-Arsène,QC,Quebec
Listuguj,QC,Quebec
St. Joseph,ON,Ontario
Queensbury,NB,New Brunswick
Saint-Hubert-de-Rivière-du-Loup,QC,Quebec
Saint-Jude,QC,Quebec
La Minerve,QC,Quebec
Trécesson,QC,Quebec
Legal,AB,Alberta
Moonbeam,ON,Ontario
Notre-Dame-des-Pins,QC,Quebec
Saint-Alban,QC,Quebec
Saint-Pierre-les-Becquets,QC,Quebec
Beaver River,SK,Saskatchewan
Labrecque,QC,Quebec
Claremont,ON,Ontario
New Bandon,NB,New Brunswick
Sainte-Hénédine,QC,Quebec
L'Anse-Saint-Jean,QC,Quebec
Moose Jaw No. 161,SK,Saskatchewan
Bassano,AB,Alberta
Parrsboro,NS,Nova Scotia
St. George's,NL,Newfoundland and Labrador
Fort Simpson,NT,Northwest Territories
Akwesasne,QC,Quebec
Ignace,ON,Ontario
Teulon,MB,Manitoba
Peel,NB,New Brunswick
Miltonvale Park,PE,Prince Edward Island
St. Lawrence,NL,Newfoundland and Labrador
Oxford,NS,Nova Scotia
Minto-Odanah,MB,Manitoba
Saint-Valère,QC,Quebec
St. Alban's,NL,Newfoundland and Labrador
Kaleden,BC,British Columbia
Saint James,NB,New Brunswick
Saint-Norbert-d'Arthabaska,QC,Quebec
Manning,AB,Alberta
Glenella-Lansdowne,MB,Manitoba
Saint-Hilarion,QC,Quebec
Saint-Modeste,QC,Quebec
Saint-Siméon,QC,Quebec
Saint-Barnabé,QC,Quebec
Irricana,AB,Alberta
Saint Martins,NB,New Brunswick
Two Borders,MB,Manitoba
Bury,QC,Quebec
Lac-Bouchette,QC,Quebec
Saint-Lazare-de-Bellechasse,QC,Quebec
Saint-Michel-du-Squatec,QC,Quebec
Saint-Joachim-de-Shefford,QC,Quebec
Grand-Remous,QC,Quebec
Saint-Gabriel-de-Rimouski,QC,Quebec
Armstrong,ON,Ontario
Rogersville,NB,New Brunswick
Langenburg,SK,Saskatchewan
Sainte-Marie-Salomé,QC,Quebec
Saint-Cyprien,QC,Quebec
Centreville,NS,Nova Scotia
Maidstone,SK,Saskatchewan
Très-Saint-Sacrement,QC,Quebec
Hillsburgh,ON,Ontario
McAdam,NB,New Brunswick
Newcastle,NB,New Brunswick
Saints-Anges,QC,Quebec
Saint-Urbain-Premier,QC,Quebec
Centreville-Wareham-Trinity,NL,Newfoundland and Labrador
Alberton,PE,Prince Edward Island
Winnipeg Beach,MB,Manitoba
Sainte-Agathe-de-Lotbinière,QC,Quebec
Salmo,BC,British Columbia
Kipling,SK,Saskatchewan
Sagamok,ON,Ontario
Grande-Vallée,QC,Quebec
Bertrand,NB,New Brunswick
Mont-Carmel,QC,Quebec
Victoria,MB,Manitoba
Saint-Eugène,QC,Quebec
Notre-Dame-des-Neiges,QC,Quebec
Saint-André,NB,New Brunswick
Roland,MB,Manitoba
Saint-Léon-de-Standon,QC,Quebec
Hensall,ON,Ontario
Carnduff,SK,Saskatchewan
Greenwich,NB,New Brunswick
Carling,ON,Ontario
Eckville,AB,Alberta
Nain,NL,Newfoundland and Labrador
Foam Lake,SK,Saskatchewan
Sayabec,QC,Quebec
Laird,ON,Ontario
Sainte-Sabine,QC,Quebec
Tara,ON,Ontario
Saint-Maxime-du-Mont-Louis,QC,Quebec
Blanc-Sablon,QC,Quebec
Cobalt,ON,Ontario
South River,ON,Ontario
Hudson Bay No. 394,SK,Saskatchewan
Waldheim,SK,Saskatchewan
McKellar,ON,Ontario
Buffalo Narrows,SK,Saskatchewan
Ayer’s Cliff,QC,Quebec
Les Méchins,QC,Quebec
Sainte-Marguerite,QC,Quebec
Saint-Claude,QC,Quebec
Air Ronge,SK,Saskatchewan
Chipman,NB,New Brunswick
Weyburn No. 67,SK,Saskatchewan
Alberta Beach,AB,Alberta
Sainte-Jeanne-d'Arc,QC,Quebec
Sainte-Félicité,QC,Quebec
Girardville,QC,Quebec
Saint-Bruno-de-Guigues,QC,Quebec
Grenfell,SK,Saskatchewan
South Algonquin,ON,Ontario
Upton,QC,Quebec
Saint-Narcisse-de-Beaurivage,QC,Quebec
Plaisance,QC,Quebec
Roxton-Sud,QC,Quebec
St. Louis No. 431,SK,Saskatchewan
Noonan,NB,New Brunswick
Duchess,AB,Alberta
Saint-Frédéric,QC,Quebec
Saint-Narcisse-de-Rimouski,QC,Quebec
Atholville,NB,New Brunswick
Viking,AB,Alberta
Sioux Narrows-Nestor Falls,ON,Ontario
Repulse Bay,NU,Nunavut
Saint-Patrice-de-Beaurivage,QC,Quebec
Bentley,AB,Alberta
Durham,NB,New Brunswick
Sainte-Marthe,QC,Quebec
Notre-Dame-du-Nord,QC,Quebec
Beachburg,ON,Ontario
Pinehouse,SK,Saskatchewan
Saint-Aimé-des-Lacs,QC,Quebec
Wedgeport,NS,Nova Scotia
Lac-Drolet,QC,Quebec
Preeceville,SK,Saskatchewan
Maple Creek No. 111,SK,Saskatchewan
Harbour Main-Chapel's Cove-Lakeview,NL,Newfoundland and Labrador
Coleraine,QC,Quebec
Birch Hills,SK,Saskatchewan
Saint-Bonaventure,QC,Quebec
Saint-Wenceslas,QC,Quebec
Kerrobert,SK,Saskatchewan
Havelock,NB,New Brunswick
Eston,SK,Saskatchewan
Sainte-Geneviève-de-Batiscan,QC,Quebec
Saint-Justin,QC,Quebec
Saint-Norbert,QC,Quebec
Schreiber,ON,Ontario
Trochu,AB,Alberta
Botsford,NB,New Brunswick
Riviere-Ouelle,QC,Quebec
Stukely-Sud,QC,Quebec
Saint-Georges-de-Clarenceville,QC,Quebec
Plantagenet,ON,Ontario
Sainte-Thérèse-de-Gaspé,QC,Quebec
Sainte-Pétronille,QC,Quebec
Desbiens,QC,Quebec
Clyde River,NU,Nunavut
La Macaza,QC,Quebec
Souris,PE,Prince Edward Island
Kindersley No. 290,SK,Saskatchewan
Falher,AB,Alberta
Saint-Vallier,QC,Quebec
Melita,MB,Manitoba
Davidson,SK,Saskatchewan
Bristol,QC,Quebec
Mahone Bay,NS,Nova Scotia
Saint-Sylvestre,QC,Quebec
Taloyoak,NU,Nunavut
Onoway,AB,Alberta
Saint-Stanislas,QC,Quebec
Battle River No. 438,SK,Saskatchewan
Malpeque,PE,Prince Edward Island
Longue-Rive,QC,Quebec
Argyle,MB,Manitoba
Delisle,SK,Saskatchewan
Plaster Rock,NB,New Brunswick
Wilmot,NB,New Brunswick
Valemount,BC,British Columbia
Saint-Léonard-de-Portneuf,QC,Quebec
Longlaketon No. 219,SK,Saskatchewan
Papineau-Cameron,ON,Ontario
Assiginack,ON,Ontario
Brébeuf,QC,Quebec
Hudson Hope,BC,British Columbia
Baie-du-Febvre,QC,Quebec
Durham-Sud,QC,Quebec
Melbourne,QC,Quebec
Nipawin No. 487,SK,Saskatchewan
Duck Lake No. 463,SK,Saskatchewan
Oyen,AB,Alberta
Gravelbourg,SK,Saskatchewan
Lajord No. 128,SK,Saskatchewan
Hébertville,QC,Quebec
Lorrainville,QC,Quebec
Prince,ON,Ontario
Athens,ON,Ontario
Saint-René-de-Matane,QC,Quebec
Eastman,QC,Quebec
Kugluktuk,NU,Nunavut
Kedgwick,NB,New Brunswick
Wemotaci,QC,Quebec
Cookshire,QC,Quebec
Dorchester,NB,New Brunswick
Fortune,NL,Newfoundland and Labrador
Hamiota,MB,Manitoba
Gillam,MB,Manitoba
Grand View,MB,Manitoba
Dildo,NL,Newfoundland and Labrador
Laurierville,QC,Quebec
Ripon,QC,Quebec
Henryville,QC,Quebec
Gracefield,QC,Quebec
Chatsworth,ON,Ontario
McCreary,MB,Manitoba
Yamaska-Est,QC,Quebec
Rossburn,MB,Manitoba
Rothesay,NB,New Brunswick
Ethelbert,MB,Manitoba
Frelighsburg,QC,Quebec
Magnetawan,ON,Ontario